customer_id,name,city,state,join_date,segment
1,Pamela Garcia,East Randy,South Carolina,2025-07-22,Corporate
2,Paul Campbell,West Joel,Alabama,2023-10-19,Corporate
3,Robert Howell,Brandonport,Georgia,2024-08-26,Corporate
4,Becky Adams,Warnerville,Virginia,2025-12-22,Premium
5,Susan Smith,Mcgeehaven,Arkansas,2024-09-11,Premium
6,Christopher Barton,Lake Mariemouth,Massachusetts,2022-10-09,VIP
7,William Martin,East Timothy,Montana,2024-08-21,VIP
8,Rebecca Smith,New Carolyn,New Jersey,2023-07-11,Corporate
9,Amber Rivera,North Jillian,Michigan,2023-06-16,Premium
10,Jenna Blackwell,Millerton,Idaho,2021-09-21,Premium
11,Charles Chase,Erichaven,Hawaii,2025-07-02,VIP
12,Dr. Christian Sandoval,Bowmanside,Nebraska,2021-12-12,Premium
13,Mrs. Andrea Dudley,New Elijahport,Hawaii,2024-01-28,Premium
14,Jordan Edwards,Carriehaven,Oregon,2023-07-22,Corporate
15,Kylie Hall,Changhaven,Kansas,2024-10-05,Premium
16,Wesley Guerra,East Karenbury,Arkansas,2025-04-28,Premium
17,Michelle Palmer,Lake Charlesview,New York,2025-03-17,Corporate
18,Joshua Thompson,New Lisashire,Louisiana,2023-01-20,Regular
19,Daniel Woodard,Martinmouth,Florida,2023-11-28,Premium
20,Miguel Price,Reevesfort,Nebraska,2023-12-31,Premium
21,Holly Joyce,East Josephmouth,West Virginia,2022-10-23,Regular
22,Robert Cummings,Juarezfort,Arkansas,2022-04-26,Corporate
23,Tyler Pratt,Thompsonchester,Texas,2025-08-27,VIP
24,Kathleen Skinner,Johnsonhaven,Mississippi,2025-06-15,VIP
25,Courtney Hines,Hamiltonfurt,Utah,2022-12-30,Corporate
26,Wendy Finley,East Joel,Michigan,2022-01-14,VIP
27,David Smith,Jeffville,Michigan,2025-10-29,Corporate
28,Mary Gibson,Gonzalezburgh,South Carolina,2023-08-07,Corporate
29,Thomas Pacheco,Marcview,New Hampshire,2022-07-20,Premium
30,Lisa Wilson,West Kevinburgh,Michigan,2022-07-08,Corporate
31,Joseph Park,South Hannah,Iowa,2026-02-14,Regular
32,Tricia Edwards,Lake Mark,Connecticut,2021-12-09,VIP
33,Vanessa Huber,East Sabrina,Kansas,2022-09-19,Corporate
34,Yolanda Reed,South Eduardohaven,Delaware,2022-01-30,Regular
35,Carlos Smith,Jacksonberg,New Jersey,2023-09-14,Premium
36,Nichole Cannon,West Isaac,Pennsylvania,2021-03-12,Premium
37,Jerry Parker,South Vickieport,Hawaii,2021-08-31,VIP
38,Kathy Mitchell,Port Michaelberg,California,2024-12-16,Premium
39,Yolanda Mcclain,New Andrewmouth,Pennsylvania,2024-11-08,Premium
40,David Davenport,South Josephberg,Hawaii,2021-05-19,Corporate
41,Jessica Hernandez,Villafort,Georgia,2025-06-14,Premium
42,Kendra Burgess,Port Joelton,Wyoming,2022-12-29,VIP
43,Karen Berry,Barkerfurt,Illinois,2025-02-18,VIP
44,James Blair,Westburgh,West Virginia,2024-02-13,Premium
45,Derek Smith,Marcusbury,Massachusetts,2025-03-11,VIP
46,Brian Donovan,South Alisha,Indiana,2025-04-02,Premium
47,Austin Marks,East Martinberg,Montana,2024-09-03,Regular
48,Dr. Lisa Golden,Jeffreyhaven,Florida,2024-11-30,VIP
49,Angel Ramirez,West Michaelburgh,South Dakota,2026-02-16,VIP
50,Karen Carlson DVM,West Shawnaport,Oklahoma,2024-12-10,Regular
51,Aaron Wilson,East Michelleberg,Wyoming,2024-09-10,Corporate
52,Christopher Cook,East Calvin,Oklahoma,2022-02-18,Corporate
53,James Wright,Lake Jameshaven,Wyoming,2023-03-05,VIP
54,Jeremy Rodriguez,Graytown,Oklahoma,2026-02-07,Corporate
55,Logan Arias,Fieldsfurt,Minnesota,2022-09-16,VIP
56,Corey Woodward,Robintown,Louisiana,2025-12-17,VIP
57,Christine Long,Contreraston,Missouri,2021-12-18,Premium
58,Susan Chen,Lake Billyburgh,South Carolina,2022-10-23,VIP
59,Daniel Lee,Ramireztown,Washington,2023-06-11,Premium
60,Crystal Mack,New Kyle,North Dakota,2023-02-14,Corporate
61,George Fischer,Jamestown,Alaska,2024-06-16,Premium
62,Sharon Montgomery,Sototown,Delaware,2024-11-22,Regular
63,Amy Harris,Rogersview,Kentucky,2022-11-27,Regular
64,Mason Bauer,North Katie,Louisiana,2021-11-08,VIP
65,Brianna Martin,South Fernandoport,Georgia,2024-05-31,Premium
66,Stephanie Taylor,New Tarastad,Utah,2022-12-23,VIP
67,Zachary Harvey,Simmonsmouth,Wisconsin,2021-10-26,Premium
68,Gregory Callahan,Hermanside,Arizona,2022-06-26,Corporate
69,Joseph Shea,West Amyhaven,North Dakota,2024-06-23,Regular
70,Jasmine Klein,East Sydneyland,Nebraska,2025-01-29,VIP
71,Sarah Collins,South Elizabethshire,Wyoming,2023-12-14,VIP
72,Angela Young,Rowlandport,Michigan,2023-12-07,Regular
73,Ryan Jones,Baileyhaven,Missouri,2025-07-08,VIP
74,Craig Walton,West Dominique,Illinois,2022-12-17,Premium
75,James King,Richardhaven,South Carolina,2025-01-20,Corporate
76,Jeffrey Mathis,Garychester,Minnesota,2021-11-29,VIP
77,Dennis Welch,Port Linda,Arkansas,2025-12-11,Regular
78,Tim Smith,Lake Mark,New Mexico,2025-03-13,VIP
79,Matthew Martin,West Maryport,Alabama,2023-01-11,VIP
80,Mr. Travis Clarke,Lake Sherryville,Alabama,2022-05-14,VIP
81,Jeffrey Hickman,Derrickville,Texas,2026-01-30,Corporate
82,Timothy Lee,New Brittanybury,Indiana,2022-12-06,VIP
83,Jared White,Lake Nathaniel,Alaska,2023-05-09,Premium
84,Eric Lewis,North Jeremyside,Delaware,2025-07-08,Corporate
85,Stephanie Haynes,Ashleyberg,New Jersey,2022-06-02,VIP
86,Debra Reyes,Port Robertfurt,Iowa,2026-01-22,VIP
87,Krystal Johnson,North Christopherberg,Florida,2021-10-05,Premium
88,Lisa Kelley,Smithside,Oregon,2023-07-10,Regular
89,Kendra Williams,Brianshire,Ohio,2023-12-06,Premium
90,Holly Romero,Randymouth,Ohio,2025-05-14,VIP
91,Adam Horton,Lake Danahaven,Ohio,2022-12-30,VIP
92,Robert Christian,Port Austinview,Vermont,2022-11-02,Premium
93,Duane Mosley,Christopherstad,Georgia,2025-11-25,Premium
94,Sydney Ruiz,New Connie,Rhode Island,2025-10-13,Corporate
95,Thomas Jimenez,West Kathleenborough,Hawaii,2024-08-05,Regular
96,Emma Brooks,Floreshaven,Michigan,2025-11-08,Regular
97,Helen Rodriguez,Molinaside,Georgia,2023-01-28,Corporate
98,Jamie Gibbs,West Charlesport,Idaho,2025-09-04,Premium
99,Justin Clark,Campbellmouth,Wyoming,2025-02-24,Premium
100,Felicia King,South Stephanieton,Washington,2024-06-09,VIP
101,Jasmine Gibson,Priceburgh,Kansas,2022-08-18,VIP
102,Bailey Terry,Maryshire,Vermont,2022-09-22,Regular
103,Kristen Brown,North Kimberlyfurt,South Dakota,2025-06-15,VIP
104,Amber Schneider,South Nicoleton,Indiana,2022-10-08,VIP
105,John Miller,Johnberg,Virginia,2022-06-13,Corporate
106,Zachary Nelson,Pricebury,Illinois,2022-07-31,Premium
107,Zachary Terry,Port Michael,Delaware,2025-08-31,Regular
108,Kathryn Atkins,North Timothyburgh,Nebraska,2022-03-29,Corporate
109,Mark Ward,Port Noahchester,Nebraska,2021-09-23,Corporate
110,Travis West,Linshire,Texas,2021-04-16,Regular
111,Samantha Griffin,Timothyshire,New York,2025-01-14,Regular
112,Paul Johnson,Harristown,Georgia,2024-08-18,Regular
113,Mark Gonzalez,South Jessica,Massachusetts,2022-11-16,Premium
114,Brandon Torres,Port Joseph,Montana,2023-01-13,Premium
115,Albert Vazquez,Heatherport,Alaska,2021-03-27,Premium
116,Frank Daniels,South Alecton,New Jersey,2021-07-11,Premium
117,Nancy Green,Tiffanyburgh,Oklahoma,2022-10-30,VIP
118,Rhonda Hanson,North Brittany,Florida,2021-09-23,Regular
119,Dean Powell,Carrtown,Ohio,2024-05-05,Premium
120,Rita Miller,Jacksonville,Pennsylvania,2025-03-12,Premium
121,Ms. Lisa Bennett,North Kyleburgh,Nebraska,2021-09-30,VIP
122,Michael Webster,South Paulaport,Florida,2024-10-31,Corporate
123,Ronald Rios,Millertown,Nevada,2022-07-20,VIP
124,William Mann,New Stephen,Oklahoma,2024-03-21,Corporate
125,Michael Salazar,Maryshire,Vermont,2024-07-14,Regular
126,Derek Moss,Stevenburgh,Pennsylvania,2024-03-13,Regular
127,Deborah Cox,East Adammouth,Oklahoma,2021-06-26,Premium
128,Maria Heath,Chelseaville,Hawaii,2025-08-28,VIP
129,Sarah Guzman,New Kristieborough,Indiana,2021-03-23,Corporate
130,John Alvarez,New James,Missouri,2026-01-17,Premium
131,Amy Ford,New Rickey,Kentucky,2026-02-15,Regular
132,Eric English,Kiddbury,Delaware,2025-09-15,Regular
133,Ronald Arnold DVM,North Rhondaburgh,Idaho,2021-10-27,VIP
134,Joseph Jimenez,West Randyland,Tennessee,2021-11-04,Regular
135,Nathan Carney,Perkinsport,Georgia,2023-08-12,Premium
136,Anthony Moran,Samanthaton,South Carolina,2023-07-10,Regular
137,Laura Jordan,New Curtis,Ohio,2024-11-23,Corporate
138,Amanda Sanders,Joshuaburgh,Washington,2021-07-01,Premium
139,Stacey Evans,Port Alexandriachester,Alaska,2022-04-07,Premium
140,Jeremy Stephens,East Davidborough,Pennsylvania,2024-11-18,VIP
141,Dan Kim,North Julie,Alabama,2021-05-17,Regular
142,Daniel Warner,Amandastad,Alaska,2022-07-23,Premium
143,Jeremy Hammond,Levihaven,Vermont,2021-10-19,Corporate
144,Tara Kidd,Port Scott,Delaware,2025-11-22,VIP
145,Jack Ray,Nathanhaven,South Carolina,2021-09-24,Corporate
146,Aaron Roman,West Kristenton,Tennessee,2022-05-14,Corporate
147,Susan Moody,Amandastad,Montana,2021-10-31,Regular
148,Drew Ray,Brianport,Mississippi,2023-09-02,Regular
149,Calvin Lester,Port Joshua,North Carolina,2021-10-17,Regular
150,Gina Williams,New Shannon,Wisconsin,2025-10-28,Corporate
151,William Blair,Riosville,Montana,2023-09-26,Regular
152,Frank Adams,North Andrewtown,Maryland,2023-03-30,VIP
153,Zachary Bird,Cliffordshire,Mississippi,2022-03-03,Corporate
154,Amanda Moore,New Tracyfurt,Colorado,2025-02-08,VIP
155,Stacey Hicks,East Michelle,Virginia,2022-01-31,Regular
156,Brandon Mccann,Floresmouth,Pennsylvania,2024-01-04,VIP
157,Hannah Branch,Ericshire,Alaska,2023-03-26,VIP
158,Patricia Jones,Kellymouth,New Hampshire,2024-11-02,Regular
159,Morgan Foster,Chavezport,New Mexico,2024-09-26,Corporate
160,William Simmons,West Robertborough,Arkansas,2025-01-24,Regular
161,Rachel Matthews,West Adamland,Rhode Island,2021-08-28,Regular
162,Lance Harper,Jordanmouth,Montana,2022-10-15,Premium
163,Sherry Estrada,Bentonborough,Alabama,2025-02-27,Premium
164,Peter Adams,Jonesfurt,West Virginia,2025-10-30,Regular
165,Misty Larson,West Richardshire,Ohio,2025-06-03,Premium
166,Morgan Cox,Timothyborough,Montana,2022-05-28,Premium
167,Chad Logan,West Theresamouth,Kentucky,2023-09-28,Regular
168,Carol Potter MD,Griffinmouth,New Hampshire,2022-10-09,Regular
169,Karen Wyatt,New Christophermouth,Idaho,2022-04-23,VIP
170,Vicki Krause,Lake Josephland,Illinois,2022-06-28,Regular
171,Matthew Cook,Wendymouth,Ohio,2023-01-21,VIP
172,Jose Davis,Snydermouth,Tennessee,2025-09-01,Corporate
173,Adrienne Crawford,Port Jose,North Carolina,2025-02-12,VIP
174,Stephen Rose,Mackmouth,Kentucky,2025-10-27,Corporate
175,Beverly Pacheco,Ryanchester,New Mexico,2022-07-18,Premium
176,Brent Chen,Ryanton,Tennessee,2022-08-17,VIP
177,Virginia Ruiz,Matthewmouth,West Virginia,2022-08-23,VIP
178,Sharon Contreras,South Daniel,Oklahoma,2024-04-21,Regular
179,Joyce Gregory,Patriciafort,North Carolina,2025-11-29,Regular
180,Thomas Rodriguez,Port Paul,Delaware,2024-06-02,Corporate
181,Jason Cummings,Lake Cassandrashire,Wisconsin,2023-01-13,Regular
182,Jeffrey Lopez,North Bradleyburgh,New Mexico,2023-03-26,Corporate
183,Steven Velazquez,South Alexandraside,Iowa,2024-03-27,Regular
184,Alan Clark,Dorischester,New Jersey,2021-10-04,Corporate
185,Andrew Johnson,New Amber,New Jersey,2025-11-16,Regular
186,Jennifer Lopez,Mariaton,Wisconsin,2025-04-18,Corporate
187,Cameron Johnson,Molinatown,Pennsylvania,2022-03-23,Regular
188,Lisa Rodriguez,Davidland,Indiana,2024-01-12,Regular
189,Gina Green,Port Courtney,Illinois,2021-05-15,Regular
190,Dana James,Vanessafurt,North Dakota,2022-09-09,Premium
191,David Byrd,Whiteside,Colorado,2024-01-07,Regular
192,John Garcia IV,Lake Ann,Alaska,2026-01-27,Corporate
193,Linda Lynch,Castilloview,North Dakota,2023-07-31,VIP
194,Brandy Bradshaw,Armstrongview,Maryland,2025-12-19,VIP
195,Lisa Wu,West Douglas,Alabama,2023-10-06,Regular
196,Theresa Taylor,Whitefort,Vermont,2023-05-29,Corporate
197,Amanda Johnson,West Roberttown,South Dakota,2025-08-17,Premium
198,Ashley Jordan,Cristinafort,West Virginia,2022-09-20,Corporate
199,Shannon Finley,Allenfurt,South Dakota,2023-07-24,VIP
200,Sean Meyer,Sarahmouth,Vermont,2025-11-27,Premium
201,Patricia Mitchell,East Andreaview,Massachusetts,2024-03-29,Regular
202,Brandy Holmes,Lake Krista,South Dakota,2025-02-04,Corporate
203,Keith Myers,North Carolside,Maine,2024-01-12,VIP
204,James Kemp,Lake Pamelaport,New Hampshire,2023-08-23,Regular
205,Heather Guerrero,Brianfort,Texas,2026-01-11,Premium
206,Robert Simmons,Dylanburgh,North Carolina,2021-07-30,VIP
207,Ronald Evans,Julieville,Ohio,2024-02-09,Premium
208,Jeffrey Olson,North Samanthaland,Missouri,2021-05-22,Corporate
209,Colleen Hill,Pettyfort,Hawaii,2024-11-29,VIP
210,Jessica Oliver,Williamsfort,Oregon,2021-06-07,Corporate
211,Wyatt Perkins,East Patrick,Tennessee,2023-07-09,VIP
212,Dr. Brandon Gilbert,South Victoriamouth,California,2024-08-28,Premium
213,Jasmine Smith,Donaldchester,North Carolina,2021-08-20,Regular
214,Allison Francis,Hallville,Mississippi,2022-11-21,VIP
215,Angela Vasquez,Scottborough,Illinois,2024-10-08,Regular
216,Joyce Walsh,Lake Reneestad,Kentucky,2025-11-25,VIP
217,Katelyn Hudson,Masonchester,Wisconsin,2026-01-16,VIP
218,Brian Shepard,Stevensonchester,Idaho,2025-06-11,VIP
219,Mr. Norman Nicholson,Leahhaven,Maryland,2025-10-06,Corporate
220,Brian Hernandez,West Stacey,Montana,2025-08-14,VIP
221,Glenn Flores,Lake Vicki,Illinois,2023-10-25,Premium
222,Aaron Harvey,West Darren,Oklahoma,2023-02-09,Corporate
223,Brian Dennis,Grantmouth,Washington,2025-04-04,Regular
224,Steven Simon,Jessicafort,New York,2025-01-05,Premium
225,Paul Robinson,North Michaelland,Missouri,2023-10-20,Regular
226,Robin Maxwell,North Luke,Wyoming,2025-12-11,VIP
227,Donna Reed,New Teresa,Oklahoma,2025-02-18,Corporate
228,Larry Martinez,Michaelshire,Iowa,2025-09-04,Regular
229,Mr. Brian Wong,West Heatherbury,Florida,2022-06-30,VIP
230,Anthony Nelson,West Christopher,Vermont,2022-10-17,Premium
231,Timothy Peterson,Johnshire,Arkansas,2023-07-17,Premium
232,Laurie Colon,West Melanie,Florida,2021-11-11,VIP
233,Leslie Miller,New Martin,Missouri,2023-08-24,VIP
234,Russell Daniel,South Stevestad,Rhode Island,2022-07-15,Regular
235,Brian Johnson,North Cynthiaside,Maryland,2023-04-19,VIP
236,Lynn Walters,Turnermouth,Florida,2021-07-06,Premium
237,Kristen Waller,Lake Tracy,Arkansas,2025-02-26,Corporate
238,Valerie Moore,East Vanessaland,Massachusetts,2022-09-01,Regular
239,Rebecca Schmitt,Port Pamela,Kentucky,2023-02-03,VIP
240,John Gardner,New Wayneburgh,Montana,2024-01-09,Premium
241,Henry Garcia,Kanetown,Arizona,2023-08-04,Regular
242,Daniel Leonard,Katiebury,New Jersey,2024-07-26,Regular
243,Joyce Rice,Lake Alyssa,Illinois,2021-03-04,VIP
244,Diana Robinson,Paulville,Louisiana,2024-06-09,VIP
245,Rachel Rodriguez,New Amystad,Kansas,2025-12-25,Premium
246,Yesenia Wyatt,Dorothyberg,Colorado,2021-05-16,Regular
247,Whitney Liu,Christianstad,Massachusetts,2025-10-10,Corporate
248,Benjamin Berger,Landrychester,Maine,2025-01-05,Premium
249,Erica Holloway,Larsonton,North Dakota,2023-10-09,VIP
250,Robert Lucero,Lake Jessica,West Virginia,2024-08-18,Corporate
251,Christine Quinn MD,Charlesport,Texas,2025-07-16,Regular
252,Kim Arnold,Leemouth,Alaska,2024-08-05,Regular
253,Karen Brown,South Jenna,Oregon,2022-07-26,VIP
254,Katherine Carter,West Robert,Wyoming,2021-05-22,Corporate
255,Sheena Barber,Tanyashire,Hawaii,2024-03-30,Regular
256,Susan Erickson,Joemouth,North Carolina,2021-08-05,Corporate
257,Theresa Chan,Mcdonaldstad,New Hampshire,2024-09-26,Premium
258,Stacey Gonzalez,North Jacqueline,Massachusetts,2022-10-30,Regular
259,Larry Armstrong,Joyshire,Missouri,2024-05-11,Regular
260,Phillip Martinez,Lake Anthonyside,Florida,2025-01-09,VIP
261,Mark Jones,Frankfurt,New Jersey,2021-03-27,Corporate
262,Kimberly Butler,Port David,California,2025-07-02,Corporate
263,Kyle Morales,South Jennifer,Delaware,2022-07-30,Regular
264,Paul Robinson,Rodriguezmouth,Utah,2023-02-03,Premium
265,Susan Fisher,North Robertborough,Vermont,2022-10-09,Corporate
266,Ryan Cabrera,Michellechester,Utah,2023-01-14,Corporate
267,Vicki Powell,Ramirezland,Georgia,2021-08-31,Corporate
268,Kimberly Snyder,Gonzalezmouth,Mississippi,2023-11-16,VIP
269,Matthew Mcclain,Fullerberg,South Dakota,2022-12-20,VIP
270,Denise Gomez,Houstonborough,Delaware,2024-04-11,VIP
271,Rachael Hall,Jonesfort,New Mexico,2025-03-11,Regular
272,Marc Bowman,Lake Jessicashire,Montana,2025-08-05,Regular
273,Daniel Oneal,East Kylemouth,West Virginia,2021-04-04,Premium
274,Kimberly Lee,Kimberlyshire,South Carolina,2021-09-28,Regular
275,Christopher Herring,Danielville,Iowa,2021-09-08,Premium
276,Amy Barber,Jamesbury,Alabama,2022-10-21,Corporate
277,Nicholas Reynolds,Burgessberg,Minnesota,2021-05-26,Corporate
278,Timothy Williams,West Amyview,Pennsylvania,2024-03-13,Corporate
279,William Alexander,Lake Danny,Kansas,2022-08-10,Corporate
280,Jessica Shannon,Christophermouth,Rhode Island,2022-07-13,Corporate
281,Sean Alvarez,Curtisstad,West Virginia,2024-03-23,Corporate
282,Joshua White,Stephanieland,Alaska,2022-10-14,Regular
283,Cory Cole,New Brianside,Hawaii,2024-08-01,Premium
284,Stephanie Harris,North Jessicaburgh,Connecticut,2023-10-19,Regular
285,Michael Hill,Lake Stephanie,Michigan,2025-11-24,Premium
286,Kayla Peters,East Peggystad,Minnesota,2024-06-22,VIP
287,Karen Patrick,Josephview,West Virginia,2021-11-01,Premium
288,Tiffany Russell,New Robertville,West Virginia,2023-02-10,Regular
289,Patricia Perry,Palmerbury,Pennsylvania,2023-10-15,VIP
290,Angela Doyle,South Tannershire,Wisconsin,2025-06-08,Regular
291,Angel Collins,Nicoleberg,Idaho,2021-12-23,VIP
292,Jessica Mcdonald,Herrerafurt,Nevada,2026-01-12,Regular
293,John Deleon,Lake Richard,Colorado,2024-04-03,Premium
294,Molly Yates,Lopezview,Rhode Island,2025-11-08,Premium
295,Adam Hamilton,Schneiderborough,Louisiana,2024-03-30,VIP
296,Micheal Price,Port Dana,New Hampshire,2024-05-23,Premium
297,Adrian Clayton,Mirandaport,Montana,2023-05-28,Corporate
298,Thomas Newman,Lindaborough,Louisiana,2023-08-03,VIP
299,Megan Abbott,Lake Claytonbury,Virginia,2022-07-17,VIP
300,Jesus Montes,Rogersfort,North Dakota,2022-10-30,Regular
301,Mrs. Leslie Rodriguez,Myersstad,Alaska,2024-12-22,VIP
302,Sharon Thompson,West Johnnyborough,California,2023-02-25,Regular
303,Adam Lewis,Lihaven,North Dakota,2025-02-20,Premium
304,Sara Burke,North Emilyport,Tennessee,2024-05-22,Regular
305,Gene Swanson,Changmouth,Idaho,2025-12-28,VIP
306,Victoria Smith,Brendaview,Wisconsin,2025-02-16,Regular
307,George Richardson,East Annafurt,Minnesota,2022-02-27,Corporate
308,Louis Keller,South Todd,California,2021-03-28,Premium
309,William Miller,Gloriaport,Utah,2021-02-21,Premium
310,Benjamin Jensen,Stephenshire,Alaska,2025-12-07,VIP
311,Amber Ramirez,Garymouth,Maine,2026-02-03,VIP
312,Cheryl Walker,Port Sherryfurt,South Dakota,2022-02-05,Regular
313,Dalton Vasquez,Nicholasport,Hawaii,2024-05-31,Corporate
314,Emily Miller,Danielville,Vermont,2023-04-15,Regular
315,Nancy Mcdonald,Stevenstad,Oregon,2025-06-13,Regular
316,Angela Hall,Tateside,North Carolina,2023-01-12,Premium
317,Ethan Leonard MD,Lake Claudiastad,New Jersey,2024-04-19,Regular
318,Kimberly Patel,East Regina,South Carolina,2023-07-15,VIP
319,Howard Roberts,Blakeville,Pennsylvania,2021-04-10,Corporate
320,Brad Hardin,Michaelville,Mississippi,2021-10-10,Corporate
321,Dr. Erik Hall,East Jesse,Missouri,2023-09-04,VIP
322,Donald Hughes,East Matthewside,Tennessee,2023-07-19,Corporate
323,Antonio Walsh,West Sarah,Kansas,2021-09-06,Regular
324,Summer Freeman,Port Rachelmouth,Connecticut,2023-10-14,Premium
325,Kaitlyn Morgan,Thompsonview,Missouri,2021-09-10,VIP
326,Nicholas Hawkins,East Bryanfort,Connecticut,2022-01-11,Premium
327,Kyle Quinn,Markton,Tennessee,2023-04-06,VIP
328,Miranda Simpson,West Jacobmouth,Iowa,2023-12-30,Premium
329,Steve Howell,North Gabrielle,Maryland,2025-11-18,Premium
330,Cathy Butler,Robertsonshire,Oklahoma,2025-01-17,VIP
331,Jeremy Holland,West Williamton,Massachusetts,2024-02-09,Premium
332,Jerome Juarez,Nicholeberg,Louisiana,2025-10-08,Corporate
333,Susan Jones,Jennifershire,Missouri,2023-06-01,Corporate
334,Katrina Reed,North Stevenborough,Mississippi,2024-10-11,Regular
335,Jon Byrd,Johnsonchester,South Dakota,2022-10-15,Corporate
336,Ruth Williams,South Ashley,Delaware,2025-03-02,Regular
337,Robert Cox,Jacobville,Colorado,2021-05-14,Regular
338,Victor Singleton,South Erin,Indiana,2021-03-31,Regular
339,Shawn Huff,Port Josephshire,New Mexico,2022-02-20,Corporate
340,Roy Lee,Kimberlystad,North Carolina,2023-06-05,VIP
341,Andrew Hoffman,Woodtown,Minnesota,2025-11-15,Premium
342,Ann Sandoval,Granthaven,Idaho,2021-09-21,Premium
343,David Smith,North Aaron,Michigan,2021-06-10,Premium
344,Kathryn Hays,Sandovalhaven,Idaho,2022-06-22,Premium
345,Heather Walters,Ariasport,Florida,2024-03-12,Corporate
346,Sarah Reyes,Snyderton,Minnesota,2021-07-22,Premium
347,Allison Patel,Ramireztown,Oklahoma,2022-08-25,Corporate
348,Jessica Parker,Jonesside,Illinois,2022-01-27,VIP
349,Patricia Orr,Christinaview,Michigan,2024-10-18,Corporate
350,Jenna Vang,Elizabethchester,Wisconsin,2023-05-17,Corporate
351,Natalie Williams,Hinesborough,Florida,2025-05-27,Premium
352,Daniel Edwards,Jenkinshaven,Alabama,2024-03-25,Premium
353,Jorge Smith,West Kennethhaven,Nevada,2023-11-26,VIP
354,Jermaine White,Vasquezchester,Georgia,2025-01-19,VIP
355,Sara Avila,Gibsonberg,Kansas,2023-03-20,VIP
356,Kyle Wilson,Stephaniestad,Montana,2021-06-09,Corporate
357,Corey Fields,Ashleyland,Wisconsin,2022-11-17,Premium
358,George Brown,East Rebekahberg,Maine,2021-03-25,VIP
359,Christina Thomas,Brianport,Nebraska,2025-12-19,Corporate
360,Linda Roberts,Christinemouth,Connecticut,2022-11-02,VIP
361,Casey Smith,Baileymouth,Idaho,2022-05-20,Regular
362,Dr. Ethan Petty,Blanchardtown,Washington,2023-05-05,Premium
363,Patricia Kelly,Andersonville,West Virginia,2025-08-22,Corporate
364,Mary Harmon,Garciamouth,Michigan,2023-04-20,Premium
365,Gerald Bryant,Meganstad,Ohio,2024-02-14,Premium
366,Terry Carr,Hunterfort,North Carolina,2024-08-16,VIP
367,Michael Williams,Johnland,Massachusetts,2021-04-29,VIP
368,Laurie Mueller,Gonzaleztown,Michigan,2022-09-04,Regular
369,Brian Campbell,New Markstad,Arkansas,2021-06-28,Premium
370,Joshua Reyes,East Alexandermouth,Hawaii,2021-10-08,Regular
371,Ronald Mendoza,New Billy,North Dakota,2024-12-28,Premium
372,Jeffery Shelton,Andrewside,New Jersey,2023-02-24,VIP
373,Pamela Mcgrath,West Mindy,Louisiana,2023-02-06,VIP
374,Mark Richardson,Port Stephanieton,Vermont,2023-05-31,Regular
375,Robert Stewart,Gonzalezburgh,Montana,2021-07-05,VIP
376,Shawn Sullivan II,Lake Brandonberg,Vermont,2026-01-04,Regular
377,Bruce Waller,Phillipsfurt,New Mexico,2021-04-21,VIP
378,Stephen Guerrero,Lake Sarahburgh,Missouri,2021-06-04,Premium
379,Daniel Greene,East Rachel,Mississippi,2024-11-04,Premium
380,Kayla Parker,West Michaelland,Mississippi,2022-12-14,Regular
381,Margaret Bell,Port Timothytown,Kentucky,2024-08-09,Regular
382,Marissa Gillespie,Lake Damon,Minnesota,2021-03-25,Premium
383,Kyle Small,Myersstad,Texas,2025-02-16,Premium
384,Dan Cohen,Carlsonfort,Alabama,2025-09-25,Premium
385,Kirsten Calderon,Amandafurt,New Hampshire,2025-09-12,Corporate
386,Charles Harding,East Beverlymouth,Wyoming,2025-07-25,Premium
387,Erin Harrington,Morganburgh,Pennsylvania,2025-10-30,VIP
388,Jack Khan,Mollymouth,North Dakota,2025-09-12,VIP
389,Kaylee Williams,Hamiltonport,Alabama,2025-10-04,Regular
390,John Mccarthy,East Karinaland,Oklahoma,2023-08-18,Corporate
391,John Edwards IV,Amyberg,Kansas,2026-01-05,Corporate
392,Brian Lee,North Allen,Vermont,2021-06-01,Corporate
393,Kari King,Port Richardport,New York,2023-06-09,VIP
394,Christopher Hutchinson,South Leslie,Delaware,2025-12-18,Regular
395,Robin Jones,Lake Amanda,Delaware,2024-12-04,Corporate
396,Michael Simmons,Lake Christopher,Maine,2024-06-18,Premium
397,Belinda Wheeler,Lake Bill,Connecticut,2023-05-04,VIP
398,Lauren Bass,Jacquelinefurt,New Jersey,2025-05-07,Corporate
399,Courtney Garcia,West Kimberly,Mississippi,2025-01-08,Premium
400,Melvin Johnson,North Nicholas,South Dakota,2021-11-04,VIP
401,Kenneth Williams,Albertport,Connecticut,2025-06-05,Regular
402,Danielle Hancock,Kayleechester,Wyoming,2022-04-12,Regular
403,Jeffrey Anderson,New Jamesport,New Mexico,2021-09-26,Corporate
404,Brad Williams,Stewarthaven,Louisiana,2022-05-15,Premium
405,Laurie Anderson,Ruizshire,Arkansas,2021-10-17,Premium
406,Taylor Johnson,Tinaburgh,Utah,2025-11-28,VIP
407,Brandon Murphy,North Davidtown,Illinois,2021-10-18,Corporate
408,Julie Johnson,East Meganshire,Washington,2023-10-09,Premium
409,Melinda Williams,Lake Carolynton,Vermont,2022-01-28,VIP
410,Crystal Manning,Georgetown,Rhode Island,2021-07-19,Corporate
411,Rachel Crosby,Stephaniechester,Michigan,2024-04-29,Premium
412,Kelly Wong,South Tim,Vermont,2023-04-04,VIP
413,Luis Lozano,Brittanyfort,Indiana,2022-05-09,VIP
414,Tracy Long,Joyceview,Hawaii,2021-03-26,Premium
415,Tony Hill,Valeriebury,Oregon,2025-01-29,Regular
416,Tracy Jones,New Kari,Florida,2026-01-03,VIP
417,Austin Benson,East Janechester,Florida,2023-01-13,Regular
418,Dr. Eric House,East Johnchester,Michigan,2022-07-16,Regular
419,Paige Peterson,Lake Kristenmouth,Utah,2021-07-18,Regular
420,Craig Vazquez,South Jason,Oregon,2024-04-05,Corporate
421,Kathryn Watts DVM,Leehaven,South Dakota,2023-12-15,Premium
422,Kevin Oliver,Pollardville,Washington,2023-08-02,VIP
423,Jessica Jones,Bruceport,Rhode Island,2021-03-13,VIP
424,Emily Berry,Port Amandaton,Nevada,2025-08-25,Corporate
425,Carolyn Ayala,Justinton,Kentucky,2022-08-31,Premium
426,Nicholas Wolf,Danielstad,Vermont,2024-07-17,Regular
427,Jamie Zuniga,East Moniqueview,Illinois,2022-01-19,Regular
428,Jacqueline Cannon,Suttonfurt,New Jersey,2025-07-08,Premium
429,Holly Grant,North Michael,Utah,2025-04-15,VIP
430,Jason Castillo,East Matthew,New Jersey,2022-08-10,VIP
431,Lindsey Obrien,Jacksonmouth,Arkansas,2023-06-11,VIP
432,Lauren Perez,Colefurt,South Dakota,2024-01-07,Premium
433,Valerie Phillips,South Michaeltown,California,2023-08-04,VIP
434,Natalie Conner,Joseview,Vermont,2021-08-02,Regular
435,Danielle Wong,East Elizabeth,Wisconsin,2022-11-10,Premium
436,Chad Gonzalez,Lake Davidbury,Ohio,2024-10-22,VIP
437,Ronald Bradshaw,New Lindaberg,Hawaii,2021-06-13,VIP
438,Denise Martin,East Johnstad,Delaware,2023-06-15,Corporate
439,Alexandria Allen,South Brendanmouth,Maryland,2026-01-14,Regular
440,Richard Johnson,Haneychester,North Carolina,2023-04-29,Premium
441,Leah Vega,Jamiemouth,Rhode Island,2023-10-18,VIP
442,Mary Hill,Lake Sandrachester,Oklahoma,2022-07-15,Corporate
443,Craig Williams,North Barry,Florida,2024-10-25,Corporate
444,Emily Rodriguez DDS,Robertview,Missouri,2023-10-17,Premium
445,Mark Henry,South Dustin,Kansas,2024-01-11,Corporate
446,Joseph Collins MD,Port Danamouth,Massachusetts,2024-11-07,Corporate
447,Keith Miller,Heatherfurt,Arizona,2022-02-15,Premium
448,Harold Ross,Port Anthony,Georgia,2022-08-31,VIP
449,Jared Dennis,East Heather,New Mexico,2022-03-12,VIP
450,Lindsey Rivera,New Kelly,Utah,2021-09-27,VIP
451,Kelly Weiss,Mooneyshire,Missouri,2024-07-18,Regular
452,Anthony Raymond,East Shelley,Alaska,2023-06-12,Regular
453,Kevin Wright,Schmittview,Massachusetts,2022-03-06,Corporate
454,Cassandra Sanchez,Kristiburgh,Michigan,2023-02-17,Corporate
455,Pamela Hall,Moorehaven,South Carolina,2023-05-18,Regular
456,Jennifer Jones,Lake Shannon,Nebraska,2025-08-22,Regular
457,Michele Kim,Barnesshire,Pennsylvania,2025-09-01,Premium
458,Travis Fox,Tracyport,Texas,2021-02-17,VIP
459,Brooke Martin,West Jack,Iowa,2021-12-17,Regular
460,Anthony Miller,East Stevenhaven,Ohio,2023-05-11,Regular
461,Michelle Snow,New Jennifertown,Utah,2022-01-06,Premium
462,Danielle Jimenez,Thomasbury,Washington,2022-01-28,Regular
463,Martin Cobb,Anthonymouth,Illinois,2022-03-03,Regular
464,Todd Conway,Michaelshire,Wyoming,2025-04-07,VIP
465,Julia Greene,Lake Sylvia,Kentucky,2023-02-09,VIP
466,Noah Morris,East Paulborough,Maryland,2022-04-16,Premium
467,Stephanie Mclaughlin,Andrewfurt,Florida,2021-03-02,VIP
468,Brent Reyes,South Alexandrashire,Oregon,2025-01-30,Regular
469,Joseph Brown,South Cynthia,Ohio,2023-09-11,Corporate
470,Christine Brown,Curtisview,New Mexico,2022-10-17,Regular
471,Jason Simmons,Riverachester,Oregon,2022-12-27,Regular
472,Lisa Garza,Martinburgh,Maryland,2024-03-31,Premium
473,Mrs. Joyce Lewis,Paigemouth,Maine,2025-01-11,VIP
474,Charles Williams,New Matthew,Oregon,2022-05-11,VIP
475,Brenda Johnson,North Daniel,Massachusetts,2021-02-25,VIP
476,Bradley Williams,West Amy,Michigan,2021-02-26,Premium
477,Troy Green,New Davidburgh,Kentucky,2025-06-10,Corporate
478,William Ware,West Brandy,Pennsylvania,2024-10-10,Corporate
479,Mark Barber,Mikaylashire,California,2024-11-25,Corporate
480,Jeremy Reynolds,Wadeville,Montana,2023-12-05,Premium
481,Christopher Moore,South Justinville,Virginia,2021-03-21,Corporate
482,Whitney Mccann,Taylorfurt,Oklahoma,2023-11-16,Corporate
483,Jimmy Hays,New Jessicamouth,Kansas,2024-03-09,Premium
484,Savannah Porter,Geraldhaven,Arizona,2024-04-11,Regular
485,Kyle Peters,Sonyahaven,South Dakota,2026-01-15,Premium
486,Christopher Conley,Alexaland,Alabama,2024-12-29,VIP
487,Jessica Daniel,East Jennifer,Georgia,2025-11-21,VIP
488,William Gibson,West Troyberg,Florida,2025-04-03,Regular
489,Joseph Webster,Troyfurt,Alabama,2024-01-10,Premium
490,Tammy Jordan,Robertton,Delaware,2024-10-19,Corporate
491,Taylor Johnson,Stevenville,Nebraska,2024-03-24,Premium
492,Nicholas Wood,Nguyenmouth,Tennessee,2022-09-15,Regular
493,Nancy Jones,North Loganstad,Wisconsin,2024-10-23,Premium
494,Michael Reeves,Cliffordtown,Wisconsin,2022-10-25,Corporate
495,Hannah Maldonado,Katiebury,Alabama,2021-04-23,Premium
496,Matthew Gonzalez,Brettport,Maine,2021-11-15,Premium
497,Frank Porter,Joshuastad,Wyoming,2023-07-14,Regular
498,Angela Wade,New Angelatown,Minnesota,2022-06-28,VIP
499,Sarah Shepherd,Chrisshire,Michigan,2024-02-01,Corporate
500,Erica Young,Carloston,South Dakota,2025-02-15,VIP
501,Bianca Russo,South Ryan,Virginia,2025-12-09,Regular
502,Garrett Benjamin,Boydmouth,Missouri,2021-12-08,Premium
503,Michele Cole,Andrewshire,Michigan,2022-01-08,VIP
504,Timothy May,South Megan,Alaska,2021-12-21,VIP
505,Alicia Torres,Port Kathrynville,Vermont,2021-03-19,Regular
506,Amy Mcdonald,East Cynthia,North Carolina,2025-08-15,Regular
507,Lauren Sloan,Hutchinsonport,Vermont,2023-07-02,VIP
508,Derek Malone,New Diamondborough,Indiana,2024-05-17,VIP
509,Thomas Jordan,Mooreborough,Idaho,2023-10-08,Regular
510,Donna Oneal,Schmidtton,Mississippi,2025-11-04,Corporate
511,Angela Wallace,Johnmouth,Oregon,2025-09-21,Premium
512,Tiffany Sims MD,Patrickbury,Virginia,2022-09-06,Premium
513,Nicholas Carrillo,North Brianaside,Maine,2025-07-22,Regular
514,Megan Gonzalez,Smallside,New Hampshire,2024-04-06,Corporate
515,Charles Austin,South Donald,Arizona,2023-01-23,VIP
516,Elizabeth Williams,East Tonyfort,Virginia,2025-01-14,VIP
517,Victor Hendricks,Kimberlyside,Wyoming,2021-02-17,Corporate
518,Lori Dominguez,East George,Connecticut,2023-12-28,Premium
519,Donna Moore,Danielborough,Arizona,2025-06-20,Premium
520,Stephen Koch,North Nicole,New Hampshire,2023-08-15,Corporate
521,Hunter Watts,Gabrielleview,Michigan,2023-11-09,VIP
522,Angela Wells,Gilesfort,Texas,2022-01-12,Regular
523,Scott Hines,East Loristad,Ohio,2025-10-06,Corporate
524,Nathan Martin,North Louismouth,Nebraska,2025-04-14,VIP
525,Matthew Wilson,Thomasport,Wisconsin,2023-01-28,VIP
526,Kevin Price,South Christopher,Minnesota,2022-11-10,VIP
527,Matthew Cooper,Davisport,North Dakota,2024-03-17,VIP
528,Andrew Knight,Lake Jeremy,Alaska,2022-01-04,Corporate
529,Larry Murray,New Leslieborough,Wisconsin,2025-08-01,Regular
530,Stephanie Conner,Margaretshire,Arizona,2021-04-05,VIP
531,Chase Coffey,Clarkfurt,Iowa,2025-07-29,VIP
532,Jasmine Morris,South Matthewside,South Dakota,2022-06-22,Regular
533,Shane Perry,Johnsonton,Kansas,2022-05-21,VIP
534,Jeremy Navarro,Thompsonbury,Massachusetts,2025-01-13,Regular
535,Jeffrey Conner,Carterbury,Maryland,2025-03-01,Corporate
536,Stacy Jones,Knightmouth,New Jersey,2024-12-04,Regular
537,Jessica Webster,Kimberlybury,New Mexico,2025-07-17,Premium
538,Jo Villarreal,Williamside,Ohio,2022-12-06,Regular
539,Jennifer Hudson,South Monicabury,Virginia,2021-12-22,VIP
540,Veronica Riley,North Christopher,Massachusetts,2024-05-26,VIP
541,Christopher Oconnell,New Candacefurt,Florida,2022-11-13,VIP
542,David Jackson,Christinaport,Minnesota,2021-03-14,VIP
543,Christina Williams,Wagnerfurt,Illinois,2022-02-11,Regular
544,Andre Carroll,South Jason,Oregon,2022-06-04,VIP
545,Tanya Martinez,Sandersville,Florida,2022-09-14,Corporate
546,Lauren Cisneros,New Antonioshire,Vermont,2022-10-28,Premium
547,Andrew Huber,Smithfort,Washington,2024-05-24,Corporate
548,Donald Chapman,Johnberg,Wyoming,2025-06-27,Regular
549,Jack Daniels,Jasonberg,Ohio,2025-10-24,Premium
550,Alison Estrada,Port Jesse,California,2024-12-18,VIP
551,Joshua Nelson,Barrytown,New Jersey,2021-12-11,Corporate
552,Susan Shannon,New Jasonfort,Oklahoma,2021-10-19,Corporate
553,Jonathan Knapp,Kimberlymouth,Hawaii,2024-04-04,VIP
554,Russell Welch,Benjaminchester,Missouri,2025-01-30,Premium
555,Omar Martinez,New Justin,Mississippi,2023-11-24,Premium
556,Connie Wilkinson,Silvahaven,Colorado,2023-12-31,VIP
557,Susan Cole DDS,Lake Juliaburgh,Illinois,2024-04-07,Regular
558,Jason Newton,North Erikaborough,Hawaii,2025-11-01,VIP
559,Michael Smith,North Danielfurt,Washington,2023-03-05,VIP
560,Robert Spencer,Sharonfort,Florida,2022-11-12,VIP
561,Matthew Willis,Rebeccafort,Kentucky,2022-01-07,Corporate
562,Kevin Stewart,West Christina,Pennsylvania,2025-02-24,Corporate
563,Brooke Wagner,West Matthew,Wisconsin,2024-12-21,Corporate
564,Aaron Schneider,Dianeton,Kansas,2025-09-26,Corporate
565,Donald Conway,South Maryborough,Oklahoma,2022-12-14,Regular
566,Amy Wells,West Kyle,California,2025-09-11,VIP
567,Laura Sanders,North Matthew,Michigan,2024-10-22,VIP
568,Thomas Walker,Port Christopher,New Hampshire,2024-06-03,Premium
569,Cheryl Esparza,Lake Ashley,Massachusetts,2025-03-10,Regular
570,John Hoover,New Tamaraton,Oklahoma,2024-01-16,VIP
571,Craig Munoz,East Lauren,Missouri,2022-10-19,Regular
572,Kimberly Morrison,South Michaelfort,Wisconsin,2021-10-07,Regular
573,Linda Frederick,Lake Shelbyport,Tennessee,2024-12-31,Premium
574,Richard King,Port Emilymouth,Nevada,2025-02-19,Regular
575,Alejandro Potter,New Dawnborough,Maryland,2022-12-12,Corporate
576,Christina Martinez,New Markborough,Utah,2023-07-31,Regular
577,Jerry Simpson,Lake Edward,California,2022-03-08,VIP
578,Alyssa Morales,Michaeltown,Pennsylvania,2022-07-01,Regular
579,Tony Mercado,Fitzpatrickburgh,South Carolina,2024-11-29,Regular
580,Nicole Smith,New Jonhaven,Florida,2023-12-13,VIP
581,Sara Gonzalez DVM,Garciaton,Florida,2023-09-20,Corporate
582,Richard Miller,Lake Brittanyberg,Delaware,2022-01-08,VIP
583,Jean Curtis,New Jasonberg,Georgia,2025-08-30,VIP
584,Monica Gray,Derrickside,California,2022-02-18,Premium
585,Joseph Garcia,Wolfborough,California,2023-10-05,Corporate
586,Jeffrey Lee,Jenniferfurt,Michigan,2025-01-19,Corporate
587,Shannon King,Lake Jonathan,North Dakota,2025-05-18,Regular
588,Benjamin Taylor,Charleshaven,North Dakota,2025-08-27,VIP
589,Kristen Petty,Port Jessica,Texas,2021-09-07,Premium
590,Eugene Welch,South Mark,Minnesota,2022-09-17,VIP
591,Beth Kennedy,Lake Aimeeberg,Rhode Island,2021-07-28,Corporate
592,Timothy Mitchell,East Joshuastad,New Hampshire,2024-11-14,Regular
593,Chris Miller,Wilcoxland,Minnesota,2025-01-14,Corporate
594,Jonathan Parks,Benjaminshire,Wyoming,2024-09-27,Corporate
595,Melissa Jenkins,Michealmouth,Wisconsin,2022-05-25,Corporate
596,Edward Brown,North Melissa,North Carolina,2022-02-14,VIP
597,Matthew Henry,Williamsfurt,Alaska,2022-06-22,VIP
598,Benjamin Rodriguez,South Katrinaside,Montana,2024-11-23,Premium
599,Dana Schneider DDS,South Davidmouth,Hawaii,2021-10-26,Premium
600,Kimberly Oconnor,Josephview,Delaware,2021-04-06,Corporate
601,Kent Gibson,Marcuston,Arkansas,2024-01-28,Premium
602,Johnny Barnett,Schneidertown,Washington,2022-08-17,Premium
603,Danielle Gonzalez,West Kennethborough,Georgia,2022-07-25,Regular
604,Terry Blackburn,Port Dominiquechester,Idaho,2023-01-05,VIP
605,Geoffrey Tucker,East Melindaburgh,Vermont,2021-02-20,Regular
606,Travis Hart,West James,Oklahoma,2024-08-23,VIP
607,Jeremy Santana,East Matthewborough,Nevada,2025-01-02,Regular
608,Beth Martin,North Michael,Alabama,2021-07-09,Regular
609,Catherine Burns,North Rhondaburgh,New Hampshire,2024-10-15,Regular
610,James Smith,Port Lisa,Wisconsin,2021-06-14,VIP
611,Calvin Adkins,South William,Delaware,2022-03-29,Premium
612,Mr. Andrew Gomez,West Nathan,Iowa,2023-12-22,Corporate
613,Cheryl Sutton,New Henry,Ohio,2021-04-22,Regular
614,Suzanne Faulkner,Dawnfort,North Carolina,2021-03-05,Premium
615,Amy Tate,Schroederview,Kansas,2023-04-29,Corporate
616,Linda Hopkins,Larsonfort,Idaho,2025-12-13,Premium
617,Brooke Ortega,Lake Debbie,Ohio,2025-06-24,Premium
618,Teresa Wells,Port Robin,Nevada,2026-01-30,Regular
619,Katherine Hawkins,East Lesliemouth,New Hampshire,2025-07-01,Regular
620,Kevin Nielsen,Mannberg,Colorado,2021-03-09,VIP
621,William Williams,Flynnland,Missouri,2023-10-06,Regular
622,Danielle Camacho,South Jeffreyside,Oklahoma,2024-05-01,Regular
623,Timothy Martinez,Jonesland,Alabama,2025-01-10,VIP
624,Michael Castro,North Jeremymouth,Wyoming,2022-04-02,Corporate
625,Kelsey Estes,Lake Thomaston,New Jersey,2025-03-30,Regular
626,Amy Davis,Stuartfurt,Illinois,2022-11-20,Corporate
627,Philip Shaw,West Kevin,Kentucky,2024-05-30,Corporate
628,Anthony Jenkins,Newmanhaven,Indiana,2025-03-06,VIP
629,Dylan Price,South Jessicafort,Maine,2023-01-12,Corporate
630,Timothy Baker,North Davidland,Idaho,2022-05-11,Regular
631,Mrs. Tina Smith,Jenniferchester,Massachusetts,2022-05-20,VIP
632,Jacqueline Johnson,Colleenside,Oregon,2022-07-06,Premium
633,James Chandler,Stephanieport,Massachusetts,2021-09-15,Corporate
634,Omar Moody,Owenhaven,Wisconsin,2023-03-06,Regular
635,Daniel Castro,Lake Daniellefort,Arizona,2026-01-03,VIP
636,Paul Johnson,Lake Rebeccaburgh,Wyoming,2025-03-11,VIP
637,Carolyn House,Thomasfort,Washington,2021-03-06,Corporate
638,William Cruz,North Paigemouth,Arizona,2021-08-21,Premium
639,Dr. Albert Lewis,Robertfort,Pennsylvania,2025-05-27,VIP
640,Dakota Hansen,Sanchezville,Alabama,2022-06-19,Corporate
641,Mary Johnson,Lake Christopherport,Michigan,2023-04-04,Premium
642,Steven Fleming,Piercestad,Florida,2023-11-12,VIP
643,Kayla Peterson,Port Howardfurt,Alaska,2023-03-08,Premium
644,Dennis Jones,Robinland,Missouri,2023-02-16,Premium
645,Deborah Brown DDS,East Dennis,Alaska,2025-03-11,Premium
646,Barry Jackson,Haroldchester,West Virginia,2024-12-02,Corporate
647,William Gardner,Port Javier,California,2021-07-02,VIP
648,Sheryl Carson,West Katelynhaven,North Dakota,2023-04-05,VIP
649,Holly Hardy,Richardville,Louisiana,2025-04-10,Premium
650,Michael Evans,Smithberg,South Carolina,2021-08-21,Regular
651,Wesley Stewart,Jamesland,Nebraska,2022-12-31,Corporate
652,Ariana Mercado,Stephanieburgh,Washington,2024-12-05,VIP
653,Mr. Jason Singh MD,West Kelly,North Dakota,2025-04-15,Corporate
654,Fred Wilson,Heidiland,Alaska,2024-08-08,VIP
655,Jessica Hawkins,West Stephanie,New Mexico,2023-07-18,Regular
656,Daniel Martin,New Scottside,Minnesota,2022-04-05,Premium
657,Jennifer Lamb,Floydtown,Wyoming,2025-10-02,VIP
658,Jared Chen,Reginaburgh,Delaware,2024-04-11,Corporate
659,Nathan Shelton,East Matthew,New Mexico,2022-03-16,VIP
660,William Hayes,North Markborough,Hawaii,2024-08-30,Regular
661,Evan Schultz,Michaelshire,Nevada,2023-03-08,Premium
662,Cody Klein,Port Curtis,South Carolina,2024-01-24,Corporate
663,Stephen Chan,East Randyton,New Mexico,2022-02-28,Corporate
664,April Spencer,Elizabethview,Minnesota,2024-09-26,Regular
665,Sara Macias,Wendyfurt,Wisconsin,2024-09-28,VIP
666,Shane Young,West Adam,Louisiana,2025-02-26,Corporate
667,John Oconnor,Hollandshire,New Mexico,2023-11-07,VIP
668,Nathaniel Kemp,Victoriaview,Vermont,2025-06-24,Premium
669,Kevin Hill,Jameston,Illinois,2025-02-15,Regular
670,Gerald Thomas,Port Davidfurt,Rhode Island,2025-11-25,Corporate
671,Charlene Palmer,Jensenmouth,Minnesota,2025-01-20,Corporate
672,Juan Griffin,East Calvinberg,Arkansas,2025-06-26,Premium
673,Donna Mcdaniel,Melissachester,Tennessee,2023-10-28,VIP
674,Jerry Leonard,Debraport,Nevada,2023-11-15,VIP
675,Mary Smith,East Andrea,Rhode Island,2023-08-03,Premium
676,Monica Vaughan,North Teresachester,Illinois,2024-03-13,Corporate
677,Nicole Steele,Gloriatown,Maryland,2025-05-14,Regular
678,Vanessa Giles,Evansborough,Maine,2024-06-15,Regular
679,Andrew Powell DVM,North Steven,Rhode Island,2022-02-02,Regular
680,Henry White,Gomezhaven,Kansas,2024-04-19,Corporate
681,Gail Hicks,Craigshire,Oklahoma,2021-09-16,Corporate
682,Mrs. Suzanne Mcclure,East Jennifer,Nevada,2025-12-12,VIP
683,Peggy Gonzalez,North Ashleychester,Rhode Island,2024-07-15,Premium
684,Kevin Schwartz,West Donaldport,Maryland,2025-11-06,Corporate
685,David Krause,Lake Williemouth,North Carolina,2024-01-03,VIP
686,Bruce Salazar,New Johnland,Georgia,2024-10-15,VIP
687,Calvin Pierce,Troytown,North Carolina,2021-05-26,Regular
688,Diana Thompson,Cindyland,North Dakota,2021-05-26,Premium
689,Jack Carpenter,North Alisonberg,California,2025-11-18,Corporate
690,Christian Mckinney,Port Marcusmouth,Alaska,2021-09-22,Premium
691,Brittany Williams,Vanessaburgh,Virginia,2022-04-25,VIP
692,Jeffery Edwards Jr.,Williamsshire,Oregon,2023-12-07,Corporate
693,Elizabeth Johnson,Ellisonfurt,Alaska,2022-12-18,Premium
694,Pamela Williams,Alexanderfort,Mississippi,2025-06-30,Corporate
695,Virginia Garza,Youngport,Connecticut,2021-09-02,Regular
696,Paula King,South Kenneth,Michigan,2024-02-20,VIP
697,Michele Allen,Lake Christopher,Tennessee,2022-07-12,Premium
698,Lindsey Johnson MD,Walshview,Wisconsin,2022-07-08,Corporate
699,Mark Miller,New Kelly,Alabama,2022-08-07,Regular
700,Nicholas Dorsey,Andreachester,Kentucky,2022-11-24,Premium
701,Jasmine English,North Stevenmouth,Maine,2024-09-19,Premium
702,Kevin Osborne,North Raymondfurt,California,2026-01-25,Premium
703,Nicole Martinez,Jamesshire,Massachusetts,2025-07-05,Premium
704,Craig Hall,Port Jeremy,Massachusetts,2022-03-13,Corporate
705,Shannon Jacobs,West Adrienne,Alaska,2022-07-07,Corporate
706,Sandy Hardy,Robertsmouth,Ohio,2024-01-12,Regular
707,Kenneth Adkins,West Kevinside,Arizona,2022-10-07,Premium
708,Andrea Porter,Roweside,Ohio,2022-03-11,Corporate
709,Maria Berger,North Mary,Virginia,2021-08-17,Regular
710,Joshua Roberts,Williammouth,North Dakota,2023-01-16,VIP
711,Dawn Cameron,North Regina,New Jersey,2025-10-04,Premium
712,Angela Reynolds,Underwoodfurt,New Mexico,2022-02-10,Corporate
713,Michael Price,North Susanside,Florida,2023-08-07,Regular
714,Matthew King,Port Jared,Washington,2022-04-04,Premium
715,Bryce Johnson,New Matthewtown,Kansas,2022-02-19,VIP
716,Kelly Ballard,West Jonathanfurt,Vermont,2022-12-26,Corporate
717,Aaron Johnson,West Holly,Alabama,2024-09-13,Regular
718,Nicole Smith,Gregoryview,Colorado,2022-01-01,Regular
719,Amy Ware,New David,Montana,2025-06-16,Regular
720,Kayla Marshall MD,Tinamouth,Maine,2024-10-06,Regular
721,Margaret Wheeler,Bishopfort,Delaware,2025-12-22,Corporate
722,Robert Hogan,Reginaberg,Wyoming,2022-03-16,Corporate
723,Gabriella Wiley,Bonnieton,Arizona,2022-11-06,Corporate
724,Jessica Russell,East Linda,West Virginia,2021-03-17,Corporate
725,Alexander Alvarado,Ronaldview,Kansas,2025-08-29,Corporate
726,Robert Moses,Johnsburgh,New Jersey,2021-07-03,Premium
727,Ian Taylor,West Mariamouth,Maine,2024-10-20,Premium
728,John Watkins,Campbelltown,Tennessee,2025-04-12,VIP
729,Natalie Ali,East Sara,North Carolina,2025-05-26,Corporate
730,Gregory Allen,Olsenstad,Rhode Island,2025-11-08,Premium
731,Amanda Lopez,Ramosville,Iowa,2024-11-21,Corporate
732,Ann Peterson,Jenniferview,Pennsylvania,2025-02-09,Regular
733,Christine Baker,Richardburgh,Indiana,2022-03-01,Regular
734,Alice Rodriguez,Justinside,Indiana,2023-03-13,VIP
735,Jeremy Nguyen,Jacobmouth,Virginia,2025-12-07,Corporate
736,Beth Fleming,West Lori,Vermont,2023-08-09,Regular
737,Isaac Leonard,Pattersonhaven,Arkansas,2025-12-09,Regular
738,Natalie Mccall,East Nancychester,Georgia,2021-07-10,Corporate
739,Tammy Bailey,Markside,Texas,2022-11-18,Corporate
740,Christine Cobb,Ballardborough,New York,2025-06-26,VIP
741,Isaac Johnson,Collinsborough,North Carolina,2021-11-02,Corporate
742,Valerie Erickson,Port Matthewmouth,Maryland,2022-02-17,Regular
743,Jesse Moore,Bakerbury,Utah,2025-06-26,VIP
744,Rachel Lopez,Carpenterfort,Georgia,2023-03-10,VIP
745,Lisa Schmitt,Alexandrahaven,Delaware,2023-07-14,VIP
746,Amanda Carroll,Port Linda,Tennessee,2022-08-21,Corporate
747,Wendy Hickman,North Elizabeth,Rhode Island,2022-09-08,Regular
748,Veronica Sherman,Olsonside,Washington,2023-04-30,Premium
749,Sarah Murphy,Edwardport,North Dakota,2023-11-11,Premium
750,Taylor Miller,Brooksport,Louisiana,2023-03-20,Premium
751,Michael George,Johnsonmouth,Kentucky,2025-06-25,Regular
752,Stacy Williams,Port Christianport,Iowa,2024-12-17,VIP
753,Gary Gates,Justinmouth,Hawaii,2022-06-13,VIP
754,Mrs. Rachel Smith,Parkerfort,Maine,2022-01-28,Regular
755,Ryan Herman,West Sandra,Maine,2022-11-05,Corporate
756,Catherine Vance,Powellville,California,2023-02-26,Regular
757,Shelly Williams,Bonillaside,New Jersey,2025-12-04,VIP
758,Jessica Crawford,Thomasberg,Washington,2024-09-26,Corporate
759,Andrea Reed,Martinchester,Oregon,2025-01-29,Regular
760,James King,Bushshire,Ohio,2021-04-12,Corporate
761,Alan Parker,Kathleenbury,New Hampshire,2021-02-26,Regular
762,Roger Hughes,Lake Adam,Oregon,2023-02-21,Premium
763,Mr. Bradley Butler,Heatherborough,South Dakota,2023-06-21,Premium
764,Laura Turner,East Darlene,Michigan,2025-10-24,Premium
765,Amanda Smith,Perryview,Maine,2023-08-02,Corporate
766,Nicholas Michael,East Christinashire,Arkansas,2022-09-24,Regular
767,Tracy Smith,Sarahbury,Connecticut,2026-01-22,VIP
768,Amanda Adams,New Dana,Massachusetts,2025-04-20,Regular
769,Jimmy Lloyd,Marshshire,Washington,2024-05-15,Regular
770,Yolanda Weaver,Josephmouth,Utah,2021-06-05,Corporate
771,Thomas Johnson,Lake Barbara,New Hampshire,2023-10-01,VIP
772,Kevin Kim,Thomasville,Idaho,2025-10-21,VIP
773,Jill Powell,Andrewfort,Maryland,2023-09-14,Premium
774,Kathy Summers,Drewport,New York,2021-11-18,Regular
775,Kevin Cameron,New Brian,Minnesota,2024-07-13,Regular
776,Jennifer Espinoza,Hendrixfort,Iowa,2022-09-06,VIP
777,Thomas Johnson,Tammychester,Delaware,2025-04-05,Premium
778,Samantha Mendoza,East Brian,Alaska,2021-03-26,Corporate
779,Thomas Barton,West Katieborough,Ohio,2021-03-29,Corporate
780,Michelle Anderson,West Emmafort,Pennsylvania,2023-06-01,Corporate
781,Katherine Chavez,New Katelynchester,Idaho,2024-06-16,Corporate
782,Grant Williams,Delacruzside,Maine,2025-06-02,Regular
783,Nicole Thornton,Laurenville,Pennsylvania,2023-05-03,Premium
784,Angela Mccarthy,Lake Timothymouth,North Dakota,2024-10-05,Corporate
785,Matthew Dean,East Oliviastad,Idaho,2024-07-08,Regular
786,Dawn Peterson,Fisherbury,Oregon,2024-03-16,Corporate
787,Anthony Cain,Raymondmouth,New Mexico,2025-03-21,Regular
788,Sarah Collins,South Danielle,Missouri,2021-06-02,VIP
789,Andrew Cox,Micheleshire,Georgia,2021-06-23,VIP
790,Brian Hunt,Brianchester,Alabama,2023-12-16,Corporate
791,Mary Mendoza,South Darrellborough,Michigan,2022-01-30,VIP
792,Nicole Yang,North Donnaburgh,Illinois,2024-06-01,VIP
793,Richard Matthews,Michelletown,Massachusetts,2025-01-18,Premium
794,Lydia Small,Alexanderfurt,Illinois,2025-02-19,VIP
795,Robert Hines,East Christopherville,New Mexico,2022-06-07,Regular
796,Pamela Robinson,South Stephen,New Jersey,2024-10-29,VIP
797,Heather May,East Dominique,Georgia,2024-12-20,Regular
798,Sharon Obrien,Jasonton,Alabama,2023-01-13,Premium
799,Sarah Bell,Port Laura,Alaska,2021-06-27,Regular
800,Andrea Bush,Boylefort,West Virginia,2025-02-24,Premium
801,Jason Murphy,Lewisfort,California,2025-09-14,Regular
802,Laurie Ruiz,Peterstad,Virginia,2026-01-05,Premium
803,John Cooper,Michellefort,Virginia,2023-08-18,Corporate
804,Kevin Smith,Jonesfort,Idaho,2025-08-06,VIP
805,Glenn Lester,Garciachester,Mississippi,2023-04-12,Premium
806,Edward Moore,Brownview,Tennessee,2023-06-29,VIP
807,Don Cunningham,South Melissamouth,Massachusetts,2023-09-01,VIP
808,Oscar Santiago DDS,Abigailburgh,New Hampshire,2023-10-22,Corporate
809,Amanda Bird,New Denise,Vermont,2022-06-24,Premium
810,Alexander Coleman,Lake Theresaberg,Florida,2023-08-25,Regular
811,John Williams,Webbland,New York,2021-06-24,VIP
812,Craig Torres,Matthewbury,Georgia,2025-09-20,VIP
813,Patricia Wood,West Meredithport,Ohio,2023-03-11,Regular
814,Debra Scott,West Sierramouth,Maine,2023-06-28,Premium
815,Brandon Ellis,Pamelamouth,California,2024-05-03,VIP
816,Samantha Morgan,Martinezhaven,Mississippi,2023-12-03,Regular
817,Ryan Sanchez,Sandrabury,Hawaii,2024-06-21,Corporate
818,Robin Shields,East Malloryside,Idaho,2022-10-13,Regular
819,Jessica Brewer DDS,Richardsontown,New York,2021-03-19,Premium
820,David Cooper,Jamesmouth,New Jersey,2021-12-15,VIP
821,Brian Shaw,North Rebecca,Oklahoma,2021-08-17,VIP
822,Christina Miller,East Jacobview,Alabama,2022-10-15,Regular
823,Gary Salazar,Sparksland,Montana,2023-10-21,VIP
824,Jerry Petersen,Stevenbury,Massachusetts,2025-05-04,Premium
825,Michael Meyer,North Davidview,Tennessee,2022-04-25,Regular
826,Andrew Anderson,Houstonfurt,Pennsylvania,2022-12-30,VIP
827,Jeffrey Smith,West Gary,Kentucky,2024-04-19,VIP
828,Mariah Lawrence,New Stephen,Missouri,2021-04-18,Premium
829,Susan Wilson,Robertfurt,California,2024-04-13,VIP
830,Kimberly Rodgers,Michelleborough,Washington,2022-10-25,Premium
831,Miranda Compton,Port Nicolefurt,New Mexico,2021-07-22,Regular
832,Richard Golden,Port Jesusbury,New York,2025-01-12,Premium
833,David Woodard,Lake Sydney,Kentucky,2025-08-13,Premium
834,Gregory Gregory,Richardport,Maine,2023-11-08,Premium
835,David Trevino,North Joel,Utah,2023-09-04,Premium
836,Lindsay Nunez,West Melissamouth,Michigan,2024-11-02,Corporate
837,Jared Khan,Leahtown,Wisconsin,2022-09-24,Premium
838,Michael Roach,Lake Lauraland,Connecticut,2025-02-16,VIP
839,Stephen Ritter,Palmerstad,Vermont,2023-08-27,VIP
840,Dana Jenkins,Alexisfort,Indiana,2022-06-27,Regular
841,Julie Pena,East Juliestad,Virginia,2023-04-21,Corporate
842,Chloe Gardner,Rodriguezborough,Idaho,2022-10-12,VIP
843,Morgan Davis,East Greg,Louisiana,2026-01-12,Corporate
844,Danny Campbell,Jenniferborough,Kansas,2023-03-10,Premium
845,Kimberly Yates,Port Laurastad,Alabama,2025-01-15,Premium
846,Shawn Burton,West Davidfort,Montana,2023-06-21,Regular
847,Kim Alvarado,West Sierraland,West Virginia,2025-01-12,Regular
848,Robert Martinez,East Sharon,Kentucky,2025-10-30,Corporate
849,Michelle Dillon DDS,Lake Dennis,Kentucky,2024-03-16,VIP
850,Elizabeth Henderson,Lake Lindsaystad,South Dakota,2023-08-27,Regular
851,Laura Hall,East Emily,Michigan,2025-04-25,VIP
852,Anthony Castillo,Barajashaven,New Hampshire,2022-05-12,Premium
853,Thomas Carson,Robertsburgh,Michigan,2023-11-27,VIP
854,Charles Lee,North Patriciafort,Georgia,2022-01-13,Corporate
855,Jason Garcia,Port Carloschester,New Hampshire,2024-09-18,Corporate
856,Gabriel Evans,West Nicole,Oregon,2024-12-20,Premium
857,Paul Parker,Cisnerosland,South Dakota,2021-07-30,Premium
858,Andrew Pollard,West Glendaport,North Carolina,2021-09-11,VIP
859,David Cook,North Justinfurt,Nevada,2024-11-18,Premium
860,Christopher Terry,Stephanieburgh,Washington,2022-02-27,Regular
861,Gerald Phillips,Piercetown,Kentucky,2024-01-29,VIP
862,Stephanie Burns,Westside,Washington,2021-05-13,Regular
863,Marcus Robinson,East Christopherfort,New Hampshire,2024-01-25,Premium
864,Leslie Madden,North Stephenshire,Maryland,2025-06-16,Regular
865,Cheryl Grimes,Jonesmouth,North Dakota,2025-11-20,Regular
866,Carl Hill,North Julie,Kansas,2022-07-28,Premium
867,Deborah Rivers,East Wayne,Georgia,2022-06-08,Premium
868,Shelby Cox,Burnston,New Hampshire,2023-11-05,Regular
869,Christopher Kennedy,Cartermouth,Nebraska,2024-01-14,Regular
870,Kimberly Gross,North Luis,Indiana,2023-02-18,Premium
871,Alison Kelly,South Richardhaven,South Carolina,2025-11-18,Regular
872,David Mercer,Snyderville,Maine,2025-07-29,Premium
873,Daniel Wagner,Lake Tommy,Mississippi,2023-06-22,Premium
874,Haley Baker,Lake Casey,North Carolina,2022-04-17,VIP
875,Martin Harris,New Richard,Wyoming,2025-05-03,Regular
876,John Thomas,Jasmineview,Pennsylvania,2023-10-24,Corporate
877,Dawn Garcia DDS,Dawnton,California,2025-05-30,Regular
878,Jeffrey Taylor,Jacobsonview,Florida,2023-02-28,Premium
879,Mary Sherman,Rodneyhaven,Massachusetts,2025-04-15,Premium
880,Miranda Meyers,South Joel,Washington,2022-02-14,VIP
881,Evelyn Foley,Port Jamesside,Maine,2022-05-21,Regular
882,Richard Murray,North Christina,Arkansas,2025-12-26,Premium
883,Robert Perez,North Angela,Florida,2023-04-10,Corporate
884,Doris Rubio,Heidifort,Michigan,2024-07-09,VIP
885,Tiffany Levine,Lake Nathaniel,South Dakota,2024-07-30,VIP
886,Gordon Yates,Lake Hayley,Wisconsin,2023-10-05,Regular
887,Tracy Hernandez,Martinezhaven,Montana,2025-08-28,Premium
888,Jane Harmon,Jillianmouth,Idaho,2021-05-18,Premium
889,Steven Clark,Port Samantha,Georgia,2022-01-03,Premium
890,Linda Smith,South Tinaburgh,New Jersey,2023-10-01,VIP
891,Kyle Castro,Rodriguezville,Rhode Island,2023-08-01,Regular
892,William Velazquez,Markland,Alabama,2023-01-28,Premium
893,James Roth,East Patrickville,Oklahoma,2024-08-02,VIP
894,Xavier Lowe,Walkerfurt,Arkansas,2023-02-03,Regular
895,Cynthia Holmes,South Sethfort,Montana,2025-03-27,Corporate
896,Scott Melton,Port Steventown,Georgia,2024-05-29,Regular
897,Laurie Lambert,Colemanville,Louisiana,2024-11-09,Premium
898,Javier Meyer,Bellton,Montana,2023-10-31,Premium
899,Eric Goodman,Weberfurt,New Jersey,2024-12-29,Regular
900,Mark Lewis,Port Amandabury,Wyoming,2022-04-19,VIP
901,Chris Harris,East Granthaven,Michigan,2026-02-16,VIP
902,Heather Morgan,Jacksonborough,New Mexico,2023-03-19,VIP
903,Heather Coleman,Lake Taylor,Minnesota,2022-10-20,Regular
904,Kayla Armstrong,New Jennifer,New Hampshire,2021-08-07,Regular
905,Becky Norton,East Keithport,Hawaii,2025-04-08,Corporate
906,Emily Crawford,West Kimside,Ohio,2023-02-26,Regular
907,Jamie Thompson,New Toddshire,South Carolina,2024-10-17,Regular
908,Laura Hernandez,East Shawnstad,New Jersey,2025-02-28,Regular
909,Richard Osborne,Taylorfurt,California,2023-07-04,Regular
910,Holly Green,Lesliefurt,California,2025-08-07,Premium
911,Elizabeth White,Bowersfurt,New Hampshire,2023-01-28,VIP
912,Ashley Madden,Lopezburgh,Nebraska,2021-09-20,Premium
913,Scott Estrada,Christinabury,Rhode Island,2025-06-11,VIP
914,Brenda Murphy,New Kimberlystad,Massachusetts,2021-09-30,Regular
915,Angelica West,Amandaland,California,2024-05-30,VIP
916,Jennifer Mendez,East Christopher,Kansas,2025-04-13,Corporate
917,Danny Harris,West Samuelbury,Alaska,2026-01-21,Regular
918,Anna Allen,East Autumnbury,Indiana,2024-08-01,Premium
919,Michael Huff,Lake Mark,Delaware,2023-06-21,VIP
920,Amy Nelson,Keithfort,Indiana,2024-09-24,VIP
921,Linda Bradford,New Martinmouth,Texas,2024-12-17,Corporate
922,Terry Diaz,Port Reneechester,Arkansas,2024-11-16,Regular
923,John Meyer,Phillipsmouth,Arizona,2025-04-19,Regular
924,Peggy Taylor,New Francis,Delaware,2023-07-19,Premium
925,Jacqueline Jones,Jeffreyfort,Texas,2021-07-06,VIP
926,Julian Byrd,Moorehaven,Delaware,2022-09-15,Regular
927,Shane Diaz,North Debbie,Georgia,2025-06-16,Corporate
928,Daniel Bailey,Jaimeland,Connecticut,2025-09-02,Regular
929,Heather Smith,Lake Krystalmouth,New Hampshire,2023-11-17,Corporate
930,Samuel Frank,Cherylland,Idaho,2022-01-19,VIP
931,Molly Day,North Heather,Minnesota,2021-09-08,Corporate
932,Caleb Bennett,Annettehaven,Illinois,2024-01-19,Corporate
933,Ricky Lewis,South Brittanyview,West Virginia,2025-10-08,Regular
934,Richard Hall,New Susanmouth,California,2024-03-10,Corporate
935,Edward Simmons,Claudiaville,Virginia,2022-03-04,Corporate
936,Nicholas Richardson,South Eric,Minnesota,2025-03-21,Regular
937,Christopher Russo,Martinton,Kansas,2025-06-30,Premium
938,Zachary Mejia,New Nicholasmouth,Florida,2022-01-12,Corporate
939,Kevin Waters,East Cindy,South Dakota,2022-10-23,Regular
940,Lisa Weber,East Heatherfort,Florida,2024-05-16,VIP
941,Daniel Carroll,Knightfort,Wisconsin,2023-07-10,Premium
942,Peter Trujillo,Kylechester,Maryland,2025-03-02,Premium
943,Roger Smith,South Ashleyville,Indiana,2021-09-28,Regular
944,Lori Ferguson,Harrisfort,Kentucky,2024-02-15,Premium
945,Mary Taylor,Marcusberg,Nebraska,2023-10-08,Regular
946,Donna Smith DDS,Judystad,Michigan,2023-09-10,Corporate
947,Maria Rodriguez,New Kimberly,Ohio,2021-07-13,Premium
948,Makayla Davis,West Valerie,Idaho,2021-07-08,Premium
949,Katrina Wolfe,Port Lisaview,New Mexico,2023-02-20,Corporate
950,Lisa Thomas,Lake Anne,Colorado,2025-11-25,Premium
951,Marie Rodriguez,Laurafurt,Oregon,2024-08-22,VIP
952,Sarah Larson,West Thomasview,Utah,2022-07-21,Premium
953,Jennifer Henry,Andersonfurt,Maine,2021-04-14,VIP
954,Robert Branch,New Whitneyborough,Wisconsin,2025-11-15,Corporate
955,Thomas Shah,Garrettchester,New Jersey,2022-11-03,Premium
956,Anthony Sharp,East Michael,Georgia,2021-11-19,VIP
957,Carolyn Graham,Port Aliciahaven,New Jersey,2023-12-26,VIP
958,David Livingston,East Adrienneburgh,Tennessee,2026-02-12,Corporate
959,Ms. Tamara Reese,Baldwinmouth,Alabama,2024-10-16,Corporate
960,Jonathan Howard,North Megan,Maine,2021-09-25,Corporate
961,Lisa Mejia,Jennifermouth,Arizona,2023-05-30,Corporate
962,Sara Fitzgerald,South Karen,North Carolina,2024-07-02,Regular
963,Tricia Fowler,West Sabrina,Virginia,2022-06-01,Premium
964,Julie Johnson,North Matthew,Nevada,2021-06-18,Premium
965,Stephanie Bass,Port Brendan,Massachusetts,2022-07-09,VIP
966,Jason Robinson,New Josemouth,Alabama,2022-11-30,Corporate
967,Lori Rose,Brendaberg,Virginia,2024-11-20,Corporate
968,Terri Williams,South Kristenton,Nebraska,2025-04-22,Premium
969,Dennis Mendez,South Stephanie,Florida,2025-09-27,Premium
970,Nicholas Sullivan,West Lisamouth,South Dakota,2025-07-21,Regular
971,Deborah Mcdonald,South Kevin,New Jersey,2022-11-08,Corporate
972,Anthony Miller,Morrisstad,Maryland,2022-03-04,Premium
973,Paula Padilla,East Elijah,Idaho,2021-03-28,Premium
974,Allison Hawkins,Donaldton,Utah,2023-07-15,Regular
975,Jacob Vaughn,Victoriaport,Louisiana,2021-07-15,VIP
976,Megan Dorsey,Lake Philipberg,Indiana,2021-03-23,VIP
977,Mrs. Sarah Jensen,Peterchester,Arkansas,2021-05-28,Regular
978,Cody Waters,East Sarahberg,New Hampshire,2025-09-02,Regular
979,Randy Schmitt,Bryanmouth,Minnesota,2024-11-01,Premium
980,David King,Stevensmouth,Maine,2024-02-19,Corporate
981,Sarah Marshall,North Joshua,Connecticut,2025-05-16,Corporate
982,Stanley Olson,North Angela,Illinois,2021-10-25,Corporate
983,Kevin Lewis,New Nicole,Nebraska,2023-03-20,VIP
984,John Murray,North Barbara,New Mexico,2022-06-23,VIP
985,Casey Shaw,Caseview,Alaska,2024-01-08,Regular
986,Jennifer Stewart,Jacobsburgh,Nebraska,2023-07-24,Premium
987,Jeanne Williams,Nelsonchester,Florida,2024-08-01,Corporate
988,Wendy Love,New Aliciaside,Ohio,2023-05-10,VIP
989,Dale Marshall,New Jamie,Oklahoma,2022-01-26,Premium
990,John White,West Amanda,Mississippi,2022-04-17,VIP
991,Diana Gray,West Diana,Pennsylvania,2021-07-25,Premium
992,Tracy Andrews,Port Melanie,South Dakota,2025-12-03,Regular
993,Stephen Ross,Lake William,North Dakota,2023-02-18,Premium
994,Lacey Mitchell,Port Ashley,Minnesota,2021-12-03,Corporate
995,Kristin Dawson,Clineshire,Oregon,2025-10-14,VIP
996,Stephen Herrera,Roblesstad,Maine,2023-05-14,Premium
997,Sandra Wilkinson,South Larryport,Minnesota,2021-11-19,VIP
998,Kyle Potts,Hallville,Georgia,2024-08-05,Regular
999,Michelle Ruiz,New Ryanport,West Virginia,2021-06-09,VIP
1000,Austin Miller,Matthewchester,Rhode Island,2026-01-08,Regular
